Theme,Sub Theme,Feature Name,Co-ordinates,,IMAGEURL
Place of Worship,Church,St Francis Church,"-37.8118847831837, 144.962422614541",,https://encrypted-tbn0.gstatic.com/images?q=tbn:ANd9GcSKjBOCJOclQMoeLB7NfB2ul5t_yJrzyoCsYMlZykQMX2ZaokV-rbYvfJ7iFnM&amp;s
Place of Worship,Church,St James Church,"-37.8101281201969, 144.952468571683",,https://encrypted-tbn0.gstatic.com/images?q=tbn:ANd9GcRu2gX4Gwj0dBpqWHfAZlPAloDuncRQ-_IylPib2EkJgMdmp25vDT0oX8rCRg&amp;s
Place of Worship,Church,St Mary's Anglican Church,"-37.8031663672997, 144.953761537074",,https://encrypted-tbn0.gstatic.com/images?q=tbn:ANd9GcRuQevnkNIdpuVXc-_oY94H_xV57VIU69lL65rtpkxGxOejwM83pBcaoFtfgPM&amp;s
Place of Worship,Church,Scots Church,"-37.8145687802664, 144.96855105335",,https://encrypted-tbn0.gstatic.com/images?q=tbn:ANd9GcSNnBrCUDEy6bpa4i5lVFtGcnFxuOvjd3AKv559R7eqb6UBLazhSQW4GAf-tA&amp;s
Place of Worship,Church,St Michael's Uniting Church,"-37.8143851324913, 144.969174036096",,https://encrypted-tbn0.gstatic.com/images?q=tbn:ANd9GcQxkrA1EbZf9fYu1pFzOo1_76xX8fRaFA8lZdhiKvXH8Y3M4QR8RQX19RaH7A&amp;s
Place of Worship,Church,Greek Orthodox Church,"-37.8088064667555, 144.978259089269",,https://encrypted-tbn0.gstatic.com/images?q=tbn:ANd9GcTuhEf1VFOwSMG-xk3JpkAOtIRpAC4RhE0k2qXmt30X9hZgd6AjcaydT3ESj78&amp;s
Place of Worship,Church,North Melbourne Uniting,"-37.8035538471344, 144.947671538375",,https://encrypted-tbn0.gstatic.com/images?q=tbn:ANd9GcQ7_aczHiKeAIcXY3I4Abiyi7E1XM3_ZVtVwGxEeaetQC4M5O9XZ1xTWbKclJQ&amp;s
Place of Worship,Church,South Yarra Presbyterian Church,"-37.8407473645397, 144.98562699348",,https://encrypted-tbn0.gstatic.com/images?q=tbn:ANd9GcQwdnOmUMh88hRa36L-koGNWd1F_T69VzK91-zHTZZ8chD2h0OqCxnNgnQEgoo&amp;s
Place of Worship,Synagogue,East Melbourne Synagogue,"-37.809113728917, 144.97422190954",,https://encrypted-tbn0.gstatic.com/images?q=tbn:ANd9GcTKPl9x59XUvWjacvVBk02ErZm900pC3pdB7enX-J_xPjj1YwIsv0h4sIrlYg&amp;s
Transport,Transport Terminal,Port of Melbourne,"-37.8137384362671, 144.91753432375",,https://encrypted-tbn0.gstatic.com/images?q=tbn:ANd9GcQyC6FmwXpI6IudGQdR-PdBGLOoJ60u83w86Qpj5DuMGv2F9Ty34opTT4AOBP0&amp;s
Leisure/Recreation,Major Sports & Recreation Facility,Carlton Football Club,"-37.7840864379557, 144.961967841559",,https://encrypted-tbn0.gstatic.com/images?q=tbn:ANd9GcQWgUj740Kf8Y-2wyM4BC1R50hAolqsO6c0NpROlMNwwmMlwmgKkmpsAthFhBw&amp;s
Education Centre,Primary Schools,Carlton Gardens Primary School,"-37.8020953835112, 144.969406272035",,https://encrypted-tbn0.gstatic.com/images?q=tbn:ANd9GcS44PIEXRXg5JpqGfTLShl-QQfEkvLQ-OScRHTjl_lF25BRQMQC6ghjxvdrxQ&amp;s
Leisure/Recreation,Informal Outdoor Facility (Park/Garden/Reserve),Carlton Gardens North,"-37.8017690847403, 144.971997551189",,https://encrypted-tbn0.gstatic.com/images?q=tbn:ANd9GcRPRXMJ3EpvPrQEAvE7OLrLLuzaeDnbAbXve0PYzeqzsaVC_DcoaSKEADShGkc&amp;s
Leisure/Recreation,Informal Outdoor Facility (Park/Garden/Reserve),Kings Domain,"-37.8255239795833, 144.974107925144",,https://encrypted-tbn0.gstatic.com/images?q=tbn:ANd9GcQ92HHOMX9k29MRB3yQb2r9ahnyigdlBBUf2Q-MNjCw-twgj1j_f4W79x-FAA&amp;s
Education Centre,Secondary Schools,Melbourne Grammar School,"-37.8342561018747, 144.976285045233",,https://encrypted-tbn0.gstatic.com/images?q=tbn:ANd9GcQzju4xpkU9PrpAXvOWAX_-ZJYA2azC3paUkHVTdgFt06P0enoszGzrThA6SjI&amp;s
Place Of Assembly,Theatre Live,FairFax Studio,"-37.8216684581887, 144.968836241692",,https://encrypted-tbn0.gstatic.com/images?q=tbn:ANd9GcSRI28bMjTTImrFr35b0UwsY4Nw17CjaoZckktKdjyyCEibgZ_zLEtfp8Sa8w&amp;s
Leisure/Recreation,Major Sports & Recreation Facility,Flemington Racecourse,"-37.7908082646624, 144.912142987372",,https://encrypted-tbn0.gstatic.com/images?q=tbn:ANd9GcQ6k9NOa72fCPhDMCBh8RqtMhN3NNxjm28oTLV_KKlaimZh2xIpXC5b4baD9Q&amp;s
Leisure/Recreation,Informal Outdoor Facility (Park/Garden/Reserve),Treasury Gardens,"-37.8143993575938, 144.975952335785",,https://encrypted-tbn0.gstatic.com/images?q=tbn:ANd9GcQTc5X22TGXrf5gyvPOtN5vRu2sOWZBv2Qp01Ls6GrHX4c13fC08W-uzT2LWoc&amp;s
Mixed Use,Retail/Office,Treasury Reserve,"-37.8129178793082, 144.975236759799",,https://encrypted-tbn0.gstatic.com/images?q=tbn:ANd9GcQWREpKUtHKOR-E4tQElaLwzwrbTaCtJfKIvvFGRMkK3ZqBHK1qAFoBefOVQw&amp;s
Health Services,Private Hospital,Epworth Freemasons Hospital : Medical Centre,"-37.8093444587231, 144.982336768182",,https://encrypted-tbn0.gstatic.com/images?q=tbn:ANd9GcSKCdGBtzD00hMGQ-5SmREiHnnQCnF711B3mq6-irOpetA4qgKBAZ7K2FP3k-c&amp;s
Community Use,Government Building,Melbourne Magistrates Court,"-37.8136147671606, 144.956846193891",,https://encrypted-tbn0.gstatic.com/images?q=tbn:ANd9GcQNHsNLvX0AH7hBlwyzKliG9NDx8A5nLpk8jMHMO-z2SSRxyWYmofG401vxpA&amp;s
Transport,Railway Station,Flagstaff Railway Station,"-37.8122356514626, 144.956318211113",,https://encrypted-tbn0.gstatic.com/images?q=tbn:ANd9GcTj0GqsDarY0O8EQE9hn6XfhYkKbX33SxujR-KfSl_lwws4X83Pb-GOnHCXcWs&amp;s
Leisure/Recreation,Major Sports & Recreation Facility,Melbourne Cricket Ground (MCG),"-37.8194921618419, 144.983402879078",,https://encrypted-tbn0.gstatic.com/images?q=tbn:ANd9GcRCOx1UloV8HorHIs-Jk2VO8lEDFnD0z5OikgTXO3d_eVGt0vodSMiPHNCoesQ&amp;s
Vacant Land,Vacant Land - Undeveloped Site,Melbourne International Karting Complex,"-37.8310746380616, 144.913822928701",,https://encrypted-tbn0.gstatic.com/images?q=tbn:ANd9GcTU4MN4joSLwli89KCpGRUxHL8fEixwtkS3Y5hkjaCXyneYk812FHialGGEow&amp;s
Mixed Use,Retail/Office/Carpark,Southgate Arts and Leisure Precinct,"-37.8202245786597, 144.965989052839",,https://encrypted-tbn0.gstatic.com/images?q=tbn:ANd9GcQqTzNGwM0SQYDJkiwLa9mbVZwsIeYIQ32z9egLKnuFbkdEl7SOEpjYYlFj8w&amp;s
Place Of Assembly,Art Gallery/Museum,Australian Centre for Contemporary Art,"-37.8266045432686, 144.967252924593",,https://encrypted-tbn0.gstatic.com/images?q=tbn:ANd9GcQFW_oNfl6C6vwIC4BUfC6ley4wP2aMcM4iuJUbH7dvFO5q6TcARnPF2DcN7TM&amp;s
Place of Worship,Church,St Patricks Cathedral,"-37.8101140950474, 144.975901529712",,https://encrypted-tbn0.gstatic.com/images?q=tbn:ANd9GcQl77MgswWqgmv2PR5SL8qFbB5eMN5Uexcl-Unmzr8aBlCnJRi1DV0CH26r9w&amp;s
Office,Office,Parliament House,"-37.811246655376, 144.97372641185",,https://encrypted-tbn0.gstatic.com/images?q=tbn:ANd9GcQlIrKJhVD44DXseiigmPq7PgzrsUrZU0jbv8crrbX76X_DFZ_Te0s0bW0gRcM&amp;s
Office,Office,Former Royal Mint,"-37.8121838748712, 144.957055454136",,https://encrypted-tbn0.gstatic.com/images?q=tbn:ANd9GcQFjn0zPdXqWYNRuvqKZVh01j4Yfj5_GuzYZ7UP8YMA-o4B50kIge9iQiSOmA&amp;s
Leisure/Recreation,Informal Outdoor Facility (Park/Garden/Reserve),Queen Victoria Gardens,"-37.8216381244891, 144.971049530478",,https://encrypted-tbn0.gstatic.com/images?q=tbn:ANd9GcTf5W3jWgCqOlozqTnG8aDn9mjNnyFi0ZNfcvZRC5BXgHgb_8Fc9rrQlkHukTI&amp;s
Office,Office,SBS (Special Broadcasting Service),"-37.8176921210305, 144.968740597156",,https://encrypted-tbn0.gstatic.com/images?q=tbn:ANd9GcRdEMvNpabXgUogKvmGjk8leMBIIxM7wGNoKeJXXbwS6Y4TkSc8HutUwabC1g&amp;s
Leisure/Recreation,Informal Outdoor Facility (Park/Garden/Reserve),Federation Square,"-37.8178516571684, 144.968963600783",,https://encrypted-tbn0.gstatic.com/images?q=tbn:ANd9GcSq1qoR_7yMSxgrEqiEXatpyxG-0l46DFL7ilYFnjoiHKLXGuMXwY06scayzVs&amp;s
Leisure/Recreation,Informal Outdoor Facility (Park/Garden/Reserve),New Quay,"-37.8152178789077, 144.941617889032",,https://encrypted-tbn0.gstatic.com/images?q=tbn:ANd9GcQyFLeVjtyTVBsEFQIO8uBTW31W0NbWY3A65zZ1xPmlCXBGftuqFIQ0Kbuq1kc&amp;s
Purpose Built,Film & RV Studio,Central City Studios,"-37.8142318521296, 144.935655305362",,https://encrypted-tbn0.gstatic.com/images?q=tbn:ANd9GcRwc5waYMtyBxBvXtmQnDo1wZigtuFTk_oeQV_yAEBpGXlCmZBdsAPtKd4wLg&amp;s
Transport,Marina,New Quay Marina,"-37.8152925454954, 144.942283726231",,https://encrypted-tbn0.gstatic.com/images?q=tbn:ANd9GcT33sHnQCeDy_X2JOJvV-gvFwp_J46J8AL30hRGW7H6bwmrPd4osOmJ0RhIxdM&amp;s
Leisure/Recreation,Informal Outdoor Facility (Park/Garden/Reserve),Newmarket Reserve,"-37.7878473341234, 144.922972125346",,https://encrypted-tbn0.gstatic.com/images?q=tbn:ANd9GcQ9aT1qKJuMCmGDlx2g_Ynnor2XELnPzJUfFV50uPkYCm1GqhH8u4kGe_HeuY4&amp;s
Health Services,Public Hospital,Royal Womens Hospital,"-37.7988892460088, 144.954897253856",,https://encrypted-tbn0.gstatic.com/images?q=tbn:ANd9GcQFt9iQlX_Ou6UfWDkCLRqPdlZoSbZVysf7pRDsz0V_nfbW5ceKdwsXq_c5Sg&amp;s
Specialist Residential Accommodation,Hostel,The Mission To Seafarers Victoria,"-37.8224995970811, 144.951254841448",,https://encrypted-tbn0.gstatic.com/images?q=tbn:ANd9GcRhjPTN692P79RsCvz4Iuu1UPWybC8gmBfeXcM5OT5kNzconLs6s8KpbsCnExg&amp;s
Leisure/Recreation,"Outdoor Recreation Facility (Zoo, Golf Course)",Wonderland Park,"-37.8116945351989, 144.936833674975",,https://encrypted-tbn0.gstatic.com/images?q=tbn:ANd9GcS9AUwYfmT84ZGAqME3gz3dQGlUgwH5YXGJCK5sj_obYnElM3bpJpHYsD9e4w&amp;s
Leisure/Recreation,Major Sports & Recreation Facility,Rod Laver Arena,"-37.8220456119807, 144.978487173787",,https://encrypted-tbn0.gstatic.com/images?q=tbn:ANd9GcS_mULH7HYauf-1IVdmm_Fu6xRNf4bZ1_kczO_rc-_xwt5Aj_xVlz_Jron-MQ&amp;s
Leisure/Recreation,Major Sports & Recreation Facility,Melbourne Park,"-37.8209085970021, 144.978735802793",,https://encrypted-tbn0.gstatic.com/images?q=tbn:ANd9GcR7tT6flhZHZ5XbuPVSWney5oVko1387ai2a4guOWyLflJUljJJHv7YpOeVew&amp;s
Leisure/Recreation,Major Sports & Recreation Facility,Hisense Arena,"-37.823110002667, 144.981834802535",,https://encrypted-tbn0.gstatic.com/images?q=tbn:ANd9GcR7VrA0K597QSp-aYC7ISBdjLqTnIhik4mg1afvsC1EIwHBDyTyigeNS0ZJ4g&amp;s
Place Of Assembly,Art Gallery/Museum,Melbourne Museum,"-37.8035518129299, 144.971690718887",,https://encrypted-tbn0.gstatic.com/images?q=tbn:ANd9GcSPS5wDICQsXNHPABURglgevfjZLfYJtHCf0tYj9_aoiaj3Csz2pKG1PiQpHA&amp;s
Community Use,Public Buildings,Elisabeth Murdoch Hall,"-37.8239733704282, 144.967450979234",,https://encrypted-tbn0.gstatic.com/images?q=tbn:ANd9GcRC7cwrv-bXEn9Guo7YaakbuABclo7sCrJKekPLCXenED5JBgP1stLBJVgKiDk&amp;s
Community Use,Public Buildings,Melbourne Recital Centre,"-37.8238327885805, 144.967682729667",,https://encrypted-tbn0.gstatic.com/images?q=tbn:ANd9GcQsfIbntihVHUrZJslD917DgtA6uto6ZWIjjpkUHvtTZFfoM7ZzmI0ljm0Jo3g&amp;s
Place Of Assembly,Theatre Live,Hamer Hall,"-37.8199901009015, 144.967992144257",,https://encrypted-tbn0.gstatic.com/images?q=tbn:ANd9GcQhAuTzQB-U83cmO9FKN1hdVXJW7on35cPDwl7VOxwuu0qL8jEJ8dj3LUzJHQ&amp;s
Leisure/Recreation,Informal Outdoor Facility (Park/Garden/Reserve),J.J Holland Park,"-37.7982358832177, 144.923837074813",,https://encrypted-tbn0.gstatic.com/images?q=tbn:ANd9GcT8s5R3AF0m7uzpzOEbX7A6xHQ-Pquaa6DwXFgXz29yq1RSt4ZHzmcQgP6TPQ&amp;s
Transport,Railway Station,South Kensington Railway Station,"-37.7997270537735, 144.925837749713",,https://encrypted-tbn0.gstatic.com/images?q=tbn:ANd9GcRDMIyd9bFJxki3WDQfPGDb-fdd1YuzUsOdGrOpq0pHdMoVN6UYYV_qKFw2g6k&amp;s
Health Services,Public Hospital,Royal Childrens Hospital,"-37.7942060847278, 144.950048264678",,https://encrypted-tbn0.gstatic.com/images?q=tbn:ANd9GcQ_NMOU-UXi4gQh6cgJ9DC1U7aW8SSfa-fHEFKxxJ858LcJXhgehcNukKJKCA&amp;s
Transport,Railway Station,Royal Park Railway Station,"-37.7812684282825, 144.951667833921",,https://encrypted-tbn0.gstatic.com/images?q=tbn:ANd9GcT4hKTsi6EHG7rD7pgMbUpBlqzIvKLjzJFpXCj8ThnOTFB-ZMxGf4O3t_YPyg&amp;s
Place Of Assembly,Art Gallery/Museum,National Sports Museum,"-37.8189544909462, 144.984669809381",,https://encrypted-tbn0.gstatic.com/images?q=tbn:ANd9GcT0egeA_peuvH9IXBOEaZBmrlY7Bh8J49X-fZcF30OKEKGK1yQeJd8oPa69Yqs&amp;s
Office,Office,State Coroners Office,"-37.8244982228756, 144.964675254819",,https://encrypted-tbn0.gstatic.com/images?q=tbn:ANd9GcT49i9Hoh1f-7N1cKmwY3W05q83RE7VOz-KL75CoJho3CaUjIBQHps10loGz3Q&amp;s
Transport,Railway Station,Flagstaff Railway Station,"-37.8116384403974, 144.9561186805",,https://encrypted-tbn0.gstatic.com/images?q=tbn:ANd9GcTj0GqsDarY0O8EQE9hn6XfhYkKbX33SxujR-KfSl_lwws4X83Pb-GOnHCXcWs&amp;s
Transport,Railway Station,Melbourne Central Railway Station,"-37.8105992402369, 144.96169061383",,https://encrypted-tbn0.gstatic.com/images?q=tbn:ANd9GcTdXLiPkUvX07mu1sVAWSmUt87tCxbrzl4nJmCOG3UzEi2lg2EDVu5IlcbXNw&amp;s
Transport,Railway Station,Melbourne Central Railway Station,"-37.8108930047401, 144.963100728702",,https://encrypted-tbn0.gstatic.com/images?q=tbn:ANd9GcTdXLiPkUvX07mu1sVAWSmUt87tCxbrzl4nJmCOG3UzEi2lg2EDVu5IlcbXNw&amp;s
Place Of Assembly,Theatre Live,Athanaeum Theatre,"-37.814954347831, 144.96732254212",,https://encrypted-tbn0.gstatic.com/images?q=tbn:ANd9GcQIe_dqshZNnL0OQZQVofkWxG7ax5jOLEFrd93brrMMtE31mT_CDYVUBXLP6z8&amp;s
Leisure/Recreation,"Outdoor Recreation Facility (Zoo, Golf Course)",Riverside Park,"-37.7948375315825, 144.915607065132",,https://encrypted-tbn0.gstatic.com/images?q=tbn:ANd9GcRSPgVyhInN4yGkF7_DI5ni3wsHp7m5YJ5aNSVCy9C9083ABGLUQq3Vqo5jMQ&amp;s
Leisure/Recreation,Informal Outdoor Facility (Park/Garden/Reserve),Flagstaff Gardens,"-37.8111222889277, 144.954696055235",,https://encrypted-tbn0.gstatic.com/images?q=tbn:ANd9GcSvT8d0JYCScTMQ7gqtw0jCfjYIaAQJlMK1I9dAE7I_5cT6SikpeOOO0vS4k1M&amp;s
Education Centre,Primary Schools,North Melbourne Primary School,"-37.7986737155551, 144.951065772876",,https://encrypted-tbn0.gstatic.com/images?q=tbn:ANd9GcT6Fri4P08PMT4-KYv41krZkwudw4KZZX2JqxFAYQOMfw4lntLI-xe_tEmPTw&amp;s
Place Of Assembly,Theatre Live,Her Majesty's Theatre,"-37.8109975612842, 144.969520183129",,https://encrypted-tbn0.gstatic.com/images?q=tbn:ANd9GcSz9hTRXaQ1IMUzKU7OoTUkxg7IPfJtRHYX0HFWGuuFDWhgMxv4DsQF9QbhExA&amp;s
Leisure/Recreation,Informal Outdoor Facility (Park/Garden/Reserve),Fawkner Park,"-37.8413996708186, 144.981625667877",,https://encrypted-tbn0.gstatic.com/images?q=tbn:ANd9GcS5q4MsW6bJUeuSZD0z4xC_b1cg9kIbUNDq9gQVGAhrZPAeyjxjtzPtc0W1wg&amp;s
Leisure/Recreation,Informal Outdoor Facility (Park/Garden/Reserve),Fitzroy Gardens,"-37.8129616331579, 144.980455714669",,https://encrypted-tbn0.gstatic.com/images?q=tbn:ANd9GcT0S9Lvr9rb_V9oue5dbnIT-C36rM_WNuBkRtGcQEJDvZ8YMbJEjwN36Haqig&amp;s
Place Of Assembly,Art Gallery/Museum,Sinclair's Cottage,"-37.8145407488014, 144.980554992725",,https://encrypted-tbn0.gstatic.com/images?q=tbn:ANd9GcQVV9B9cI_Ak7UVIfJQ5VmqrUTyvXH9ladXOoFuFY1onFF7p8Jq8N5c16WGsWM&amp;s
Education Centre,Tertiary (University),BIO 21 Institute,"-37.7978743305343, 144.953780325865",,https://encrypted-tbn0.gstatic.com/images?q=tbn:ANd9GcRVZ907cbHrNkr4PSG8AHjaf7fD3mrekPtV3khfAfk7Egq63PFSMbvhqxvu_WY&amp;s
Leisure/Recreation,Informal Outdoor Facility (Park/Garden/Reserve),Enterprize Park,"-37.820210269629, 144.959276859602",,https://encrypted-tbn0.gstatic.com/images?q=tbn:ANd9GcQ7aQNLXpXhhxxZBkEm1UZK_7DTco7GzZHYiY6Cii4c-LpzzddTOhx9YDFXtmM&amp;s
Transport,Railway Station,Flinders Street Railway Station,"-37.8179063007545, 144.967064817875",,https://encrypted-tbn0.gstatic.com/images?q=tbn:ANd9GcTIs1DTkdQ6KBCCRSqY-veMxWTripFZ1mmYn3bMLCbO99_XIyUFs0R6lNfZ5yU&amp;s
Community Use,Fire Station,Metropolitan Fire Brigade (MFB),"-37.8092318636838, 144.975247619376",,https://encrypted-tbn0.gstatic.com/images?q=tbn:ANd9GcTVDTvgrceGwhHA-fgGs--zwLVgTdZPSrMs7bqNyRcp7v_Hl4p_CWa2JQn6Hwk&amp;s
Health Services,Public Hospital,Royal Melbourne Hospital,"-37.7993071664096, 144.956389746765",,https://encrypted-tbn0.gstatic.com/images?q=tbn:ANd9GcT5mVpNWX8fH3AdXo5FbNQIxHQWTtgOKuyDjV9d00AuSS3suOu9zkPixmy8AkA&amp;s
Place Of Assembly,Art Gallery/Museum,Koorie Heritage Trust Inc,"-37.8133854259085, 144.954027907736",,https://encrypted-tbn0.gstatic.com/images?q=tbn:ANd9GcReWkqtureRhe9KNpd2l5_26tTPjTYgfiQyHlu5GVXK3BL89DicbsE4G-5YDQ&amp;s
Community Use,Public Buildings,Commonwealth Law Courts,"-37.8123961677596, 144.955823833257",,https://encrypted-tbn0.gstatic.com/images?q=tbn:ANd9GcQgrOd79MG_OUzV4799UQ78b7gkhPzDtEs8WBdD5oy56kMiXfN6ePOc1ICMeuc&amp;s
Education Centre,Tertiary (University),RMIT University,"-37.8080795360545, 144.964452974798",,https://encrypted-tbn0.gstatic.com/images?q=tbn:ANd9GcRu_bvxqX8bL57jCTIQLiO-XSRRZJCnl_FaV_4ZGeMq8S14xaD_zGpbHO_qNQ&amp;s
Leisure/Recreation,Informal Outdoor Facility (Park/Garden/Reserve),Macarthur Square,"-37.7983318676737, 144.971514146104",,https://encrypted-tbn0.gstatic.com/images?q=tbn:ANd9GcR90lve9YiCD_WEQKR97ghjyfnCAbkDM3ZPCHZ3d_mJIy-YhRLfUI_6VTRrlA&amp;s
Leisure/Recreation,Major Sports & Recreation Facility,City Baths,"-37.8071585350561, 144.963189789721",,https://encrypted-tbn0.gstatic.com/images?q=tbn:ANd9GcTqwOGlGyXsRL54OPVJtOF4fY538xjO_cXwDfFsUWyZeDniCEAfE35uO6MkAQ&amp;s
Leisure/Recreation,Informal Outdoor Facility (Park/Garden/Reserve),Westgate Park,"-37.8314918578874, 144.908824792698",,https://encrypted-tbn0.gstatic.com/images?q=tbn:ANd9GcRnRESsNyZoiS6MO50HBBZZZG1CnE2OcDeWS-ZBh_tIoh6o9b-KUN-ShfB2Iw&amp;s
Transport,Railway Station,North Melbourne Railway Station,"-37.8073823625058, 144.942429848025",,https://encrypted-tbn0.gstatic.com/images?q=tbn:ANd9GcRIwcJhEERJ7bjiSzLIIR4odlADMbBDbiqafggfEW1CRJ86kgyH4gWWytKsnF8&amp;s
Place Of Assembly,Art Gallery/Museum,Cooks' Cottage,"-37.8144604899837, 144.979471339826",,https://encrypted-tbn0.gstatic.com/images?q=tbn:ANd9GcSN1XnvLeBSBiiMWmfCzJDpP-ifhE91KtUHDazjWF1gAg-XckehDFrs0JLKVYY&amp;s
Place Of Assembly,Art Gallery/Museum,Royal Exhibition Building,"-37.80460262432, 144.971521914952",,https://encrypted-tbn0.gstatic.com/images?q=tbn:ANd9GcSh6IApF8YcL19bEfLKF159gDQjiZIb9zqD_cSQ021T15qWs75X2xWZ2B-Pzys&amp;s
Community Use,Public Buildings,Melbourne Childrens Court,"-37.8125077646598, 144.958298873269",,https://encrypted-tbn0.gstatic.com/images?q=tbn:ANd9GcTz4kDcJXBSUBJa71eX7a-FEOsQx91z1MzZidQ9af1s0boT6V2Pv5qRS6LPu20&amp;s
Leisure/Recreation,Major Sports & Recreation Facility,Etihad Stadium,"-37.8161760471742, 144.947496254547",,https://encrypted-tbn0.gstatic.com/images?q=tbn:ANd9GcRi7c0EEbSNQNUhRa0A26EyfgWL38lDH3Os4oef7QizCotQTCrpQsP5BtRDSBM&amp;s
Leisure/Recreation,Observation Tower/Wheel,Eureka Skydeck 88,"-37.8216187583314, 144.964622218598",,https://encrypted-tbn0.gstatic.com/images?q=tbn:ANd9GcQ39Mug56br_erNWAi_ztNc3vgeP_XRiyn75vSk9I8rXAXOyucnlp9lv_SKyHU&amp;s
Community Use,Public Buildings,County Court Melbourne,"-37.8132011619962, 144.957734246387",,https://encrypted-tbn0.gstatic.com/images?q=tbn:ANd9GcQwfnq5ZjFJc50UZD_OmjmWPhxkc-2-ORLqpikL0bRjYIdhC7W3J130-O6ytwc&amp;s
Health Services,Public Hospital,Peter Maccallum Cancer Institute,"-37.8114766732026, 144.977400949063",,https://encrypted-tbn0.gstatic.com/images?q=tbn:ANd9GcRMRisBYyGBJ0TH39kCZc9lva5sAKrr2wlVLeEcnAKuu0vY_69HGbkbp5DmBw&amp;s
Leisure/Recreation,Informal Outdoor Facility (Park/Garden/Reserve),Sandridge Rail Bridge,"-37.8201763042794, 144.96298113724",,https://encrypted-tbn0.gstatic.com/images?q=tbn:ANd9GcQbWuqZLTovzHBSbbuLOPSpvmSATbzTCBC3TlRdguwNdX39dsb-sqfBUFyq-w&amp;s
Leisure/Recreation,Informal Outdoor Facility (Park/Garden/Reserve),Lincoln Square,"-37.8027919689732, 144.962760852233",,https://encrypted-tbn0.gstatic.com/images?q=tbn:ANd9GcTrqLLQTepMeLRyqZOq_YljlwuMkXgU3rEmE5bIANsGNr_rRR3z4zfmVbW4XA&amp;s
Health Services,Private Hospital,Epworth Freemasons Hospital,"-37.8109710654051, 144.98370007659",,https://encrypted-tbn0.gstatic.com/images?q=tbn:ANd9GcTgseoqSrsu3NgEXidSCsQNhJU8hCK9f2FPLei18gm6trPFi0Ju5po0DngZ9Q&amp;s
Residential Accommodation,Dwelling (House),Bishopscourt,"-37.8132921649416, 144.98350690799",,https://encrypted-tbn0.gstatic.com/images?q=tbn:ANd9GcRqHFuY3BP0zClK8k7_syJ1zcdefW3rWb7OXmn9-StjVOOGJVPDBQRn2EzkVUQ&amp;s
Place Of Assembly,Art Gallery/Museum,The Museum Of Australian Chinese History,"-37.8107686127655, 144.96923385414",,https://encrypted-tbn0.gstatic.com/images?q=tbn:ANd9GcRATTkRqakRH6IIZene0t-x6l8aCsdyHUggFmJMQqM7f8Oju_MOaduU-EmKFw&amp;s
Transport,Railway Station,Flemington Bridge Railway Station,"-37.7881645889621, 144.939277838304",,https://encrypted-tbn0.gstatic.com/images?q=tbn:ANd9GcRm3_npolzEVxstKW8QqY7KkiCBMwUp9eVI0B7CPbumugd_Xxh1-0DInRZy98M&amp;s
Mixed Use,Retail/Office/Carpark,Council House 2 (CH2),"-37.8142591432011, 144.966638432727",,https://encrypted-tbn0.gstatic.com/images?q=tbn:ANd9GcTZNFUN-KfK6oJxzxud5B0Gz3Cin2lzDp30eJynbAL61K1FedyS4GtOV9sSZA&amp;s
Leisure/Recreation,Informal Outdoor Facility (Park/Garden/Reserve),Carlton Gardens South,"-37.8060684577258, 144.971266479841",,https://encrypted-tbn0.gstatic.com/images?q=tbn:ANd9GcQlK1uCPL4D3FbbYlXZqGamxoptSRJSEkoDueh-Xt4B8pcfXXUwii-m60jisg&amp;s
Place of Worship,Church,Wesley Church,"-37.8101576446961, 144.968168215633",,https://encrypted-tbn0.gstatic.com/images?q=tbn:ANd9GcTEk-r5t49e-SmYYHmRN4ZAoe7HgGH9D2ZDvpHMyFuY1ozLqDNsjekgmQGcMw&amp;s
Place of Worship,Church,St Augustines Church,"-37.8169741358546, 144.954862000132",,https://encrypted-tbn0.gstatic.com/images?q=tbn:ANd9GcQjeckG5kt9CepPE7Bl_IOfYerZVE-2tQLV0wG0KtkAANLUz51P8oN_T2M_8A&amp;s
Place of Worship,Church,Church of Christ,"-37.8104524079085, 144.96388920294",,https://encrypted-tbn0.gstatic.com/images?q=tbn:ANd9GcSd-Ae1dfku-jh8vx6AXp1P5q9KzvQE2Vp350b3gHaQ3ZNyqZc4l3G4gsqxenE&amp;s
Place of Worship,Church,Holy Trinity,"-37.8140667110854, 144.983197322289",,https://encrypted-tbn0.gstatic.com/images?q=tbn:ANd9GcTib-NDf-oRFSEJ_QzNLWjzFEQSwqVZkYA_rCiv79BJsJXN96n7SaSnqIGBKA&amp;s
Place of Worship,Church,Melbourne Unitarian Church,"-37.8114487773394, 144.984664890999",,https://encrypted-tbn0.gstatic.com/images?q=tbn:ANd9GcSKJ0o5c0JyrvuQhLt15wJQWCiewFmF4rSe04l28GeFOI72VNiLHWWDFpvi&amp;s
Place of Worship,Church,All Nations Uniting Church,"-37.7959155303946, 144.968981110942",,https://encrypted-tbn0.gstatic.com/images?q=tbn:ANd9GcSjJIDpJyo8RFX7V17yd70lsE0KghsqCv1Hep0tyxnVzdeRmoLSQcOEM7NPiSk&amp;s
Place of Worship,Church,Our Lady of Lebanon Church,"-37.8025766539683, 144.969334720932",,https://encrypted-tbn0.gstatic.com/images?q=tbn:ANd9GcRjDL1XLzpu3spIz3_7L9QCjQ1zjxts8qNlbkQy_WxnzzZxCYd196y5aV2goA&amp;s
Place of Worship,Church,St Alban Anglican Church,"-37.7942169477929, 144.94161451392",,https://encrypted-tbn0.gstatic.com/images?q=tbn:ANd9GcQNiBa8sEOtgUXtwtXP9ZXZ4thpqFhpypP-WcnNF6YP_UUv5crzFe7ogokWQg&amp;s
Place of Worship,Church,Christ Church Kensington,"-37.7932109480553, 144.92729572288",,https://encrypted-tbn0.gstatic.com/images?q=tbn:ANd9GcRwl__MPVIAgfBcndR8GYBwFyWoixFAeYUFaen-rL_3JV4Cme344naztd8Q5Q&amp;s
Place of Worship,Church,Holy Rosary,"-37.7948087414394, 144.928362125005",,https://encrypted-tbn0.gstatic.com/images?q=tbn:ANd9GcTMMOx7wfJ4rXZSreLrWI9y_h3Z8OsfWcc4sYluUb7j5gTxmkI3sHSX1j0Ds_Q&amp;s
Health Services,Private Hospital,Melbourne Private Hospital,"-37.7983111309698, 144.95728837725",,https://encrypted-tbn0.gstatic.com/images?q=tbn:ANd9GcTGNRvAtChHi-hm7nUSUUox-_4dbGRgDdcsuY5b_wNMFlJcrddU5Pxuzpnr&amp;s
Community Use,Police Station,Victoria Police,"-37.8003121288849, 144.954697453742",,https://encrypted-tbn0.gstatic.com/images?q=tbn:ANd9GcTv_4LTdwLkCoXgDNonj1uEL5C508RQzzr1fDD9azPUpTj3Svfbe_414ScjJg&amp;s
Community Use,Police Station,Victoria Police,"-37.8219773910249, 144.953398014034",,https://encrypted-tbn0.gstatic.com/images?q=tbn:ANd9GcTv_4LTdwLkCoXgDNonj1uEL5C508RQzzr1fDD9azPUpTj3Svfbe_414ScjJg&amp;s
Leisure/Recreation,Private Sports Club/Facility,Royal Park Golf Course,"-37.7819171308558, 144.956309119368",,https://encrypted-tbn0.gstatic.com/images?q=tbn:ANd9GcRj-ydgVDQ6yJTB_9XnHMHNkk_Ovgh36DSXf8q1cIgAkhSCpfENXFplpQFbLdM&amp;s
Leisure/Recreation,Major Sports & Recreation Facility,Visy Park,"-37.7834303940347, 144.961982577553",,https://encrypted-tbn0.gstatic.com/images?q=tbn:ANd9GcRhPs6LPHDsggx0z2M8Q_BvNcZ8FXRl_SQGixib0n967LwWxkdXISd-Wk_skA4&amp;s
Place Of Assembly,Art Gallery/Museum,Old Melbourne Gaol Crime & Justice Experience,"-37.8077644149636, 144.965463853978",,https://encrypted-tbn0.gstatic.com/images?q=tbn:ANd9GcRJpxU4nxZpm16uqsY42edXnXXjegtt4hqT2fXWLL9w9xZiLi_-qMgrTMkNrfY&amp;s
Place Of Assembly,Theatre Live,Playhouse,"-37.8218124583016, 144.968337832721",,https://encrypted-tbn0.gstatic.com/images?q=tbn:ANd9GcRu5hZiYma99EeLhIjFnImjQ65BmnWrgEmsBi92cJjSyLpYqe_A7dzQYgpgiA&amp;s
Leisure/Recreation,Informal Outdoor Facility (Park/Garden/Reserve),Batman Park,"-37.8218460949601, 144.956665812218",,https://encrypted-tbn0.gstatic.com/images?q=tbn:ANd9GcRXV5Yc0TYrEUz5ERJRVe9Dm05LXxxh8RcEEblzRd9cT27VwUHnSSuV7V3nusY&amp;s
Office,Office,Australian Red Cross,"-37.7990921023192, 144.952635945774",,https://encrypted-tbn0.gstatic.com/images?q=tbn:ANd9GcSbvzki9SJfnrfydID_TJz8ulhPp2Jw5M_vQkN_P7y2r2qGmR9l2twEgWJ95WI&amp;s
Place Of Assembly,Function/Conference/Exhibition Centre,Melbourne Exhibition Centre,"-37.8252455123297, 144.95435243249",,https://encrypted-tbn0.gstatic.com/images?q=tbn:ANd9GcRhZM45JuU4Mfi40JFCiifpxd0Z64_P9NAX5uh-z3SB1_yHB7thXYW_M4m-Ey4&amp;s
Place Of Assembly,Art Gallery/Museum,Polly Woodside,"-37.8242574266145, 144.953478052064",,https://encrypted-tbn0.gstatic.com/images?q=tbn:ANd9GcTb9JHlPw5e9o8mZ1F4m-ak-N1lKjYnMzzIBDiHEUHOGD8SZh_5dZeVSI1L_S0&amp;s
Place Of Assembly,Art Gallery/Museum,Victorian Arts Centre,"-37.8219947335768, 144.968837288153",,https://encrypted-tbn0.gstatic.com/images?q=tbn:ANd9GcSo57Y3nbL8HbQ6vB7OsyK_a7Z_h7PJoydLho1M8X6K56-wmYoi82jkEfo_Ooo&amp;s
Community Use,Public Buildings,Melbourne Town Hall,"-37.8150754791411, 144.966542722283",,https://encrypted-tbn0.gstatic.com/images?q=tbn:ANd9GcR3PmsUhn1LHWhJhUNljjrkTMrTJcFYPBZG116coecYUUzH52OVPncIQq4sbg&amp;s
Mixed Use,Retail/Office,DFO South Wharf,"-37.824887401234, 144.949794297819",,https://encrypted-tbn0.gstatic.com/images?q=tbn:ANd9GcRM8mrnJO_9xO6UzWUse88-YvbCGCwKYTO4d_3vxuy-gxDxSze0Z6y0wu6mOpk&amp;s
Community Use,Public Buildings,Sidney Myer Music Bowl,"-37.8233471608733, 144.974686151365",,https://encrypted-tbn0.gstatic.com/images?q=tbn:ANd9GcQJL7hA-so3PBn37r0tTAT67nTdCp0UI_Ho67OULUTOqD7dnTgebn3osp9ylgk&amp;s
Health Services,Public Hospital,The Royal Victorian Eye & Ear Hospital,"-37.8087522829868, 144.976268275082",,https://encrypted-tbn0.gstatic.com/images?q=tbn:ANd9GcSSxWqzDwCdjqZLb35iWxabYYI5loBw67K5-AmqRgup8knEJpHkvmyWBDbDWg&amp;s
Place Of Assembly,Art Gallery/Museum,The Ian Potter Centre: NGV Australia,"-37.8174831423197, 144.969899048343",,https://encrypted-tbn0.gstatic.com/images?q=tbn:ANd9GcRLeZ2zXhj8IrdfgsNBgZoG8QMhw4f6Z9b32KGJNR1U66dNbjM8xjrg87bQnA&amp;s
Purpose Built,Film & RV Studio,Channel 7 - Melbourne Broadcast Centre,"-37.8158572333481, 144.94582326909",,https://encrypted-tbn0.gstatic.com/images?q=tbn:ANd9GcQlLGz_Qef65EYsoTHdetAjly_7x3EJGl1qpiqUTAfxDJX-fFgBf_cx4jElhj4&amp;s
Vacant Land,Current Construction Site,Harbour Town,"-37.8139256326845, 144.938123825625",,https://encrypted-tbn0.gstatic.com/images?q=tbn:ANd9GcRpp3vkGUGLPqHVKyMb-fyDu908Ws2VgHj20iclAecAoOaFKnKET63k7JT1C2I&amp;s
Leisure/Recreation,Major Sports & Recreation Facility,AAMI Park,"-37.8247252673963, 144.98380297866",,https://encrypted-tbn0.gstatic.com/images?q=tbn:ANd9GcSeS7h8SBRLaOpjhP7QNo4U7ZervMwNx4bnZpGQmg662PWQjp3BNBkpjnc-Sw&amp;s
Place Of Assembly,Function/Conference/Exhibition Centre,Central Pier,"-37.8165177307702, 144.943475014215",,https://encrypted-tbn0.gstatic.com/images?q=tbn:ANd9GcQglxoLD4r1515fQDMKhY6X6sjnwIbHSSDsINoC9m2AUwIgjVimsXXRMHzXGg&amp;s
Leisure/Recreation,Observation Tower/Wheel,Melbourne Star Observation Wheel,"-37.8116163666726, 144.937588920436",,https://encrypted-tbn0.gstatic.com/images?q=tbn:ANd9GcRsxz9becxR06JBFBwiMNf9ERwLPuKjDk6tf_-_RkbvcTGLPQE3QNZhfyW2I-8&amp;s
Education Centre,Further Education,Kangan Batman Tafe,"-37.8221818203024, 144.948908460665",,https://encrypted-tbn0.gstatic.com/images?q=tbn:ANd9GcQLzqSon7Ub91VQNhuKHXmrUugrlG-af1KvLgco0ybV1RY_3VAYRZzVqppuL1Y&amp;s
Leisure/Recreation,Major Sports & Recreation Facility,Margaret Court Arena,"-37.8213252086842, 144.977591098955",,https://encrypted-tbn0.gstatic.com/images?q=tbn:ANd9GcTVwGFt-Q-cMVwoNelQGMuKmyS50cxROvCmiGBnJJ2MRKHnJzMP68QY08aFZA&amp;s
Place Of Assembly,Theatre Live,MTC Theatre,"-37.8242661832902, 144.968174400274",,https://encrypted-tbn0.gstatic.com/images?q=tbn:ANd9GcS1iO4b7BM2bt9_xONfZ5ZctCOnlo08qEufWlOYuOR-Hl6wYaoDsafpJHqxzQ&amp;s
Community Use,Public Buildings,NGV International,"-37.8230135000869, 144.969342535451",,https://encrypted-tbn0.gstatic.com/images?q=tbn:ANd9GcQMNMBGUzA-IYe-6QokgeE3KGIq3wq_R5tVv5gVHrKK3K_e1NiJu7HgMba-cg&amp;s
Leisure/Recreation,Informal Outdoor Facility (Park/Garden/Reserve),Birrarung Marr,"-37.81806108403, 144.97314667014",,https://encrypted-tbn0.gstatic.com/images?q=tbn:ANd9GcQl4SwqU0tboAALU27zDHSyzeFst_zSxBw6Wj9L3prw_7GrjSJk6RkgRXvRag&amp;s
Leisure/Recreation,Indoor Recreation Facility,Artplay,"-37.8184198800044, 144.971542586509",,https://encrypted-tbn0.gstatic.com/images?q=tbn:ANd9GcT7Z8-7ie3pYWzcfQAqeIL7yKWkZ3ZqfnvCf1y0YOxgQ8uJYWbRJMYFp28y5eU&amp;s
Leisure/Recreation,Informal Outdoor Facility (Park/Garden/Reserve),Riverslide Skate Park,"-37.8207887122448, 144.972951789291",,https://encrypted-tbn0.gstatic.com/images?q=tbn:ANd9GcT39ySX1318jN2nzX7wx-P9RwxAItNkzTUcc9kuNcMJn6L-R6uRml4zEzVCCYE&amp;s
Transport,Railway Station,Macaulay Railway Station (North Melbourne) - Train stop,"-37.794964001386, 144.936190756632",,https://encrypted-tbn0.gstatic.com/images?q=tbn:ANd9GcSy8yeJ8cT3cXAimIkcK03NtKsC8VYAq2HbuVRofbsrdnv0sOrpTFV16Ahp0j4&amp;s
Transport,Railway Station,Kensington Railway Station,"-37.7939140126373, 144.930710207518",,https://encrypted-tbn0.gstatic.com/images?q=tbn:ANd9GcR-XGdtDS9_XeU2DmVScEymDqmPwEut_xkCwpVUzWi4CerC6YGziZZL6Ju8dLA&amp;s
Leisure/Recreation,Informal Outdoor Facility (Park/Garden/Reserve),Royal Park,"-37.7906174256581, 144.953834240647",,https://encrypted-tbn0.gstatic.com/images?q=tbn:ANd9GcRUPBwZhkaL1kXW25K_pinhYLLCp-e5nQmVNIm1jo-IzrycYWZ1VOxW7AuoNg&amp;s
Leisure/Recreation,Informal Outdoor Facility (Park/Garden/Reserve),Shrine of Rembrance Reserve,"-37.8320733992876, 144.973628364465",,https://encrypted-tbn0.gstatic.com/images?q=tbn:ANd9GcT6Un4b2qJQcmzMK1vhH4zDU7RXdWU9_Ww92v4In_tEzJC0kpHWdwco-x7-uGI&amp;s
Residential Accommodation,Dwelling (House),Government House,"-37.8275635886174, 144.976655130464",,https://encrypted-tbn0.gstatic.com/images?q=tbn:ANd9GcSz2U0YTrOgHpGQIxD_l35JxatwqklmwCCTUTSSjP38zxU9WY2HvU9GBMqi3c0&amp;s
Leisure/Recreation,Informal Outdoor Facility (Park/Garden/Reserve),Royal Botanic Gardens,"-37.8306631583233, 144.980850432751",,https://encrypted-tbn0.gstatic.com/images?q=tbn:ANd9GcTxzBj5PoYvh3zQErt_vlSH_DyOF0yRQLKi81pSvEG_IvTtq42dBp-a9-zMLQ&amp;s
Leisure/Recreation,Informal Outdoor Facility (Park/Garden/Reserve),Yarra Park,"-37.820469374101, 144.986671109615",,https://encrypted-tbn0.gstatic.com/images?q=tbn:ANd9GcT23RGFmCwZkcFkitnPDcqWf7MfHdkvmLXJH_j_6nNufi3_nlhXK3Ol2dIMdA&amp;s
Office,Office,Coronial Services Centre of Victoria,"-37.8243437355246, 144.96447462898",,https://encrypted-tbn0.gstatic.com/images?q=tbn:ANd9GcQK4H1Uk4jE3_33-a2UCr0S_kqfiJMn8jCj4MNJVWMyDPpMTOudj2vO8tPpn8I&amp;s
Leisure/Recreation,Indoor Recreation Facility,Icehouse,"-37.8121881194053, 144.935684018873",,https://encrypted-tbn0.gstatic.com/images?q=tbn:ANd9GcSH8SdfZjsn1puYKB1_RVKzOokG9MlRAbgvteWy7NNLpZ8rUCBsIybx38hwpg&amp;s
Transport,Railway Station,Parliament Railway Station,"-37.8127621113552, 144.973433796529",,https://encrypted-tbn0.gstatic.com/images?q=tbn:ANd9GcSXe9jy75jgdGMYG9vclc9GC3IgJ1uZMhA0rXcgCDSQCcnvuARqhKlhbub9h2I&amp;s
Transport,Railway Station,Parliament Railway Station,"-37.8095762219384, 144.972330132127",,https://encrypted-tbn0.gstatic.com/images?q=tbn:ANd9GcSXe9jy75jgdGMYG9vclc9GC3IgJ1uZMhA0rXcgCDSQCcnvuARqhKlhbub9h2I&amp;s
Transport,Railway Station,Melbourne Central Railway Station,"-37.8097759325888, 144.962670059539",,https://encrypted-tbn0.gstatic.com/images?q=tbn:ANd9GcTdXLiPkUvX07mu1sVAWSmUt87tCxbrzl4nJmCOG3UzEi2lg2EDVu5IlcbXNw&amp;s
Transport,Railway Station,Flemington Racecourse Railway Station,"-37.7869105822519, 144.908190706069",,https://encrypted-tbn0.gstatic.com/images?q=tbn:ANd9GcRQGqZs0-rD6sg1RAKe9MZ_GHEKfMEafP0a-ixyIvxRoOqzywh4T7xgg2zfkg&amp;s
Leisure/Recreation,Informal Outdoor Facility (Park/Garden/Reserve),Darling Square,"-37.81299206932, 144.989062559512",,https://encrypted-tbn0.gstatic.com/images?q=tbn:ANd9GcSoigJI5qEs8XRsIWfeizBCZIbvPak7049x0IF8CkwB0TrM_1lCS1tGWbtNjA&amp;s
Place Of Assembly,Art Gallery/Museum,Victoria Police Museum,"-37.8222182774409, 144.954039975197",,https://encrypted-tbn0.gstatic.com/images?q=tbn:ANd9GcQn-qhOW6dCSn0hriy6X9XGf9eV_uRS8poW2S0ylwbV-CwpM0XsdYUauZilLw&amp;s
Place Of Assembly,Art Gallery/Museum,Immigration Museum,"-37.8191798798062, 144.960426777129",,https://encrypted-tbn0.gstatic.com/images?q=tbn:ANd9GcS1RgEdWCOMyoKRzJzguoZKQ42USf4QJGFvMuJZtrZjfAa0MdDVnjC-1W53VA&amp;s
Place of Worship,Church,St Pauls Cathedral,"-37.8169549012399, 144.967681647402",,https://encrypted-tbn0.gstatic.com/images?q=tbn:ANd9GcQymypYfUw42jJhNXDsLpRJqrUyqTZYQohkg89HTFHLumGiBxjfKb8uGEZP8A&amp;s
Warehouse/Store,Store Yard,Melbourne Wholesale Fish Market,"-37.8083471006041, 144.930613255612",,https://encrypted-tbn0.gstatic.com/images?q=tbn:ANd9GcTck87YD6OOx7lq1WMjqQh5lXTvRlY4q9NVN8IQca9LN7CZeXyYw_EZp_TSBA&amp;s
Place Of Assembly,Art Gallery/Museum,Fire Services Museum Victoria,"-37.8085761281612, 144.975373745366",,https://encrypted-tbn0.gstatic.com/images?q=tbn:ANd9GcSRPvu9TQ2UliJ2fD20_KGvrfIAGU1uxKfPwhgP4WX0z-m_JRO18TbZvuKgMg&amp;s
Place Of Assembly,Art Gallery/Museum,The Ian Potter Museum Of Art,"-37.7973939595503, 144.964156669702",,https://encrypted-tbn0.gstatic.com/images?q=tbn:ANd9GcTOd9wNrvSo44Omfw_4bP6PRg5_DDMVe5P2NFwL3_iDSRa9eE5ecSJa5s9gTw&amp;s
Education Centre,Tertiary (University),University of Melbourne,"-37.7982892284927, 144.96099520158",,https://encrypted-tbn0.gstatic.com/images?q=tbn:ANd9GcRjnODeoNCNBBwlFoPB_ZIqzuMBylARV-1yVEUgOK4VKBEbPtMXDZepmWwziw&amp;s
Mixed Use,Retail/Office/Residential/Carpark,QV Village,"-37.8106891897454, 144.965714574014",,https://encrypted-tbn0.gstatic.com/images?q=tbn:ANd9GcSjVKmSdPqjTDAzI-Q6ezxoMwOfdkgRnri7LC5coQDFCvF7jeEX-u3sOU53tA&amp;s
Leisure/Recreation,Informal Outdoor Facility (Park/Garden/Reserve),Parliament Reserve,"-37.809852620638, 144.973462202839",,https://encrypted-tbn0.gstatic.com/images?q=tbn:ANd9GcS58d0lgBzJzvs-Xk-2lObNpx_i7XvMNI1T7_u6NWYUnsDu5_1uCrNxyJF0-A&amp;s
Leisure/Recreation,Major Sports & Recreation Facility,North Melbourne Recreation Centre (Aquatic),"-37.7999470049655, 144.943290801869",,https://encrypted-tbn0.gstatic.com/images?q=tbn:ANd9GcSke044H9tl8WptVNx6UiEs04awzq7PSxZnFw8V8Fiji4wFkIafzImvGh4raQ&amp;s
Office,Office,North Melbourne Football Club,"-37.799771364073, 144.940963510723",,https://encrypted-tbn0.gstatic.com/images?q=tbn:ANd9GcRO4RPIpHvHOGC2L8T0OTGmwkcc8Mt4fPiWCOFKIx2qFeJL-jP4YAntX9S3TQ&amp;s
Leisure/Recreation,Gymnasium/Health Club,North Melbourne Recreation Centre (Gymnasium),"-37.7997051197931, 144.940368286395",,https://encrypted-tbn0.gstatic.com/images?q=tbn:ANd9GcTFk5ZWsbmEbYZEgEZw8Feqiq0UYjPNHHAzydw5dThKQJUwLczCKMqw4sshJyQ&amp;s
Leisure/Recreation,Indoor Recreation Facility,Carlton Baths,"-37.7934377042609, 144.971696548624",,https://encrypted-tbn0.gstatic.com/images?q=tbn:ANd9GcT8nrDCQR0yEfgEUQCNEHcGPzRg--ISZsPGMOXAkglZMgrsjc84BQM2b-Rf8Dg&amp;s
Community Use,Public Buildings,Conservatory,"-37.814002127195, 144.9785597431",,https://encrypted-tbn0.gstatic.com/images?q=tbn:ANd9GcRlnnxznd4PDEFuZjkqZotOsi91OYp5a8e4xW_PEmPFopVdW8LLxhwNQkzziVE&amp;s
Mixed Use,Retail/Residential,Eureka Tower,"-37.8215157539717, 144.964456721965",,https://encrypted-tbn0.gstatic.com/images?q=tbn:ANd9GcSOM81MGAzI4BJxWBTuzjb3gkirSEa7jz5nVSpoPSPo65qWTOFB47PArURkMQ&amp;s
Mixed Use,Retail/Office/Residential/Carpark,Freshwater Place,"-37.8219745489446, 144.96246144843",,https://encrypted-tbn0.gstatic.com/images?q=tbn:ANd9GcSJiImxzYAWFS5Ccn0F3_9nMQ0TYx_BhNso-7fUnwIywwms0exOpBfblGxjfg&amp;s
Community Use,Visitor Centre,Melbourne Visitor Centre,"-37.8177352402006, 144.967937138226",,https://encrypted-tbn0.gstatic.com/images?q=tbn:ANd9GcR2qfZjCuEuw1SOmdDpwGVxFLnWfFkwclvUEPTEtaAGz-gsX3SbJdiUj9ivjlc&amp;s
Place Of Assembly,Art Gallery/Museum,Australian Centre For The Moving Image (ACMI),"-37.8176107327202, 144.969070431323",,https://encrypted-tbn0.gstatic.com/images?q=tbn:ANd9GcTognygb2WpIBOawcO3qDLsqy-6k1mjjogme1nPtYA1A3f5JnsKbMN7xK9Aag&amp;s
Place Of Assembly,Function/Conference/Exhibition Centre,Dallas Brooks Centre,"-37.8097374138234, 144.981383411592",,https://encrypted-tbn0.gstatic.com/images?q=tbn:ANd9GcRKZUmySiFJlgSXbAMA1PICMMwF8Ve24cwhe9pXvQRW-Xx6FeiIgn0iiKKq-g&amp;s
Place Of Assembly,Library,The Melbourne Athenaeum Library,"-37.8148855756416, 144.967291289941",,https://encrypted-tbn0.gstatic.com/images?q=tbn:ANd9GcTo4JUoeVwbVEfnlcDwD_h2OMfhwFAfp5MCssyPK29_gGI_B2X2zmV83-wNtg&amp;s
Place of Worship,Church,Romanian Orthodox,"-37.8052307297468, 144.966986444597",,https://encrypted-tbn0.gstatic.com/images?q=tbn:ANd9GcRNakRaax0LUhg6ZxmvCpw-rMRSl0b7pDBBdwGNAtcnTZjnwuybTt8QI1djmQ&amp;s
Place of Worship,Church,Welsh Presbyterian Church,"-37.8104478768313, 144.959873260087",,https://encrypted-tbn0.gstatic.com/images?q=tbn:ANd9GcTqnXXzDErYOqTsGWuGlqdjfkdKO6_NOchBH4BazyF0Ni9IFtLFMmxmISRaUw&amp;s
Place of Worship,Church,St Peter's Eastern Hill,"-37.8097086714637, 144.975259178609",,https://encrypted-tbn0.gstatic.com/images?q=tbn:ANd9GcSXkGMsfDVSn7-DqbmVnzV79L5a8nnQwebAdhCvaBICkpYWbHDzxUCN-IxphS4&amp;s
Place of Worship,Church,Lutheran Trinity Church,"-37.8109757054396, 144.975729473552",,https://encrypted-tbn0.gstatic.com/images?q=tbn:ANd9GcRVHds-eWpFt9oXVbPFrNCseD0y2Joa_p8e-RUctnMDhnPGEQkIWHEUP-OVRA&amp;s
Place of Worship,Church,St Johns Lutheran Church,"-37.8209399677168, 144.967121099857",,https://encrypted-tbn0.gstatic.com/images?q=tbn:ANd9GcQQinVJZWHI-TY70t5H1XBC1qKHhPTV1C7EgPtmSafZv8BLy8x66Dq3QkEdLsI&amp;s
Place of Worship,Church,St Michaels,"-37.7940512679297, 144.945399480629",,https://encrypted-tbn0.gstatic.com/images?q=tbn:ANd9GcQxkrA1EbZf9fYu1pFzOo1_76xX8fRaFA8lZdhiKvXH8Y3M4QR8RQX19RaH7A&amp;s
Place of Worship,Church,Ukranian Catholic Cathedral,"-37.7963084580345, 144.944313454028",,https://encrypted-tbn0.gstatic.com/images?q=tbn:ANd9GcSu7pUFH6IjxVLn5eMmTiHeyer6gb7xRADXwhiiGTbN_BWN0PEcn3o1FxeEKg&amp;s
Place of Worship,Church,Collins Street Baptist Church,"-37.8147011904647, 144.968072486031",,https://encrypted-tbn0.gstatic.com/images?q=tbn:ANd9GcRE4SRI3JXbWCrYSg7a98SFwZ0XgGHwfKdahHtxdMFovvjUb5k_hNlt17Sm8w&amp;s
Place of Worship,Church,St Thomas Aquinas Church,"-37.8353076902578, 144.976809080472",,https://encrypted-tbn0.gstatic.com/images?q=tbn:ANd9GcR-m-S83xAI4RPT2SWnLFCd0q_CqWcQaF3SY59VNOn1exgV2cKmKMchG05OZR0&amp;s
Place of Worship,Church,The Parish of Christ Church South Yarra,"-37.8386270533576, 144.986009385387",,https://encrypted-tbn0.gstatic.com/images?q=tbn:ANd9GcR0udnos8QibL7l2GjtvO-ORR9BW1OjYhBrnIil1Pikc-BSExZK1NPHqP2MDMU&amp;s
Community Use,Police Station,Victoria Police,"-37.8164849024046, 144.966486801188",,https://encrypted-tbn0.gstatic.com/images?q=tbn:ANd9GcTv_4LTdwLkCoXgDNonj1uEL5C508RQzzr1fDD9azPUpTj3Svfbe_414ScjJg&amp;s
Community Use,Visitor Centre,Melbourne Visitor Booth,"-37.8139525061193, 144.964425882562",,https://encrypted-tbn0.gstatic.com/images?q=tbn:ANd9GcSWvm49hwCcWvOpCTp_9jeCWEIuttl3w6Ej5kuGdVR_LQeC-7Peix9-eYq3eA&amp;s
Leisure/Recreation,Major Sports & Recreation Facility,State Netball Hockey Centre,"-37.7857860016289, 144.947580972027",,https://encrypted-tbn0.gstatic.com/images?q=tbn:ANd9GcQlSssM6N_ZaZ-GqxbWPjAsW2V9mTuCeaRw0PGOfr9xvnirZK2nv7PXWJoSzg&amp;s
Leisure/Recreation,Informal Outdoor Facility (Park/Garden/Reserve),University Square,"-37.800410711209, 144.960398319302",,https://encrypted-tbn0.gstatic.com/images?q=tbn:ANd9GcTNQ6nr9EwXAJsSu8Vtlw3c27Rp4UHAfzqi6V9Q6J4HzbHtcm8B73AT08z4Zg&amp;s
Leisure/Recreation,Informal Outdoor Facility (Park/Garden/Reserve),Powlett Reserve,"-37.8116929882498, 144.987275671763",,https://encrypted-tbn0.gstatic.com/images?q=tbn:ANd9GcRm9mr5D0a6ksZKbQRfg15k2GecHOQYyfPRs1epp-2nUMYcV77i0WkuleP0tsE&amp;s
Community Use,Cemetery,Melbourne General Cemetery,"-37.7891890023616, 144.965785979892",,https://encrypted-tbn0.gstatic.com/images?q=tbn:ANd9GcT7rgtQzkZk5Gi7flH8tbGhXU_o5yYaWsc15KTHo-3T3qscEQXoafLUCubpBQ&amp;s
Retail,Retail,Queen Victoria Market,"-37.8075002018073, 144.957158515056",,https://encrypted-tbn0.gstatic.com/images?q=tbn:ANd9GcT63tHcLELNaAtKA-yfBVzJTFmA8A5fhn2ScJ6vwiBjza_6qBQMaLeopbsGSg&amp;s
Education Centre,Primary Schools,Carlton Primary School,"-37.7959079757171, 144.970147317976",,https://encrypted-tbn0.gstatic.com/images?q=tbn:ANd9GcQ9uCH3UIgNgFy8tmRZV8miRhf0WXM_J_CYXyClXcjnXBPwAHc3LG_6VG5F9w&amp;s
Education Centre,School - Primary and Secondary Education,Wesley College,"-37.8485201804496, 144.982227770988",,https://encrypted-tbn0.gstatic.com/images?q=tbn:ANd9GcQ_NrUslhwoomk2YpnJv2-XjkkLEN_Vm4yj0haYho7l-ZtciqkbgZCjr_JYBQ&amp;s
Place Of Assembly,Theatre Live,State Theatre,"-37.8212806349773, 144.968469643744",,https://encrypted-tbn0.gstatic.com/images?q=tbn:ANd9GcR2_qzhhWM1v583DcZqgKG9uw8k6tUsKblupbuW3ZCfGgCkSoCMAkvaZUf_w4Q&amp;s
Education Centre,Tertiary (University),University of Melbourne (VCA and Music),"-37.8241137662047, 144.96933253996",,https://encrypted-tbn0.gstatic.com/images?q=tbn:ANd9GcSlg-eBBdcDs3fUc0uhB5GZczKpYLjJAnqmMddIKkLq4PxDnOWVkd2kRcPcIA&amp;s
Place Of Assembly,Theatre Live,St Martins Youth Arts Centre,"-37.8352429531289, 144.98114217385",,https://encrypted-tbn0.gstatic.com/images?q=tbn:ANd9GcTCrOLPpd_6tQpHrcRPQ5ZLJNF8K4KJqwr7t4y8b-IDv_UmIqpQHEWBAZJoMA8&amp;s
Transport,Railway Station,Southern Cross Railway Station,"-37.8181633057171, 144.952944748845",,https://encrypted-tbn0.gstatic.com/images?q=tbn:ANd9GcT9ODjz6F-TsgGNEmGJibLVNf2K8PvIpc2w9Ij7e6-1NX7CriT_GLXqEV7htFA&amp;s
Place Of Assembly,Theatre Live,Princess Theatre,"-37.8107257091302, 144.9723265962",,https://encrypted-tbn0.gstatic.com/images?q=tbn:ANd9GcRqWdlRWlkZWC_erLTrBHUobLL2vnRqNGAQV8z3VNoltf1L3-nUhK3ohdFjSVY&amp;s
Education Centre,Secondary Schools,University High School,"-37.7973136216903, 144.956034449946",,https://encrypted-tbn0.gstatic.com/images?q=tbn:ANd9GcSoYRf3wJzun7CplDoJBqhih8rMtOdcQrbh5FlHj2K4yQpLcOh08yblAuDz8EA&amp;s
Community Use,Public Buildings,State Library Victoria,"-37.8099852201226, 144.964330322397",,https://encrypted-tbn0.gstatic.com/images?q=tbn:ANd9GcS-N85HpQ-MGl3QXFv4TnFiFMK-NtohI-62KAGp39sDAamv8I86POPrsWKB6Dc&amp;s
Place Of Assembly,Theatre Live,Regent Theatre,"-37.8160014744179, 144.967916735261",,https://encrypted-tbn0.gstatic.com/images?q=tbn:ANd9GcR4O71sxU-2Y6Cv5EibTAWxZLTuJqKgWC4I55Z7P84b3eJspj5lYuxdlvRyUw&amp;s
Office,Office,Old Treasury Building,"-37.8132371662585, 144.974423610255",,https://encrypted-tbn0.gstatic.com/images?q=tbn:ANd9GcTsHRXBcj0yYCrYs1ono_drAz8WTJDs5o-wuhqYOsUvZvDstyTyEYmYrUJd6g&amp;s
Community Use,Public Buildings,Supreme Court,"-37.8141494182814, 144.957894024264",,https://encrypted-tbn0.gstatic.com/images?q=tbn:ANd9GcSEK5_qx5bVBwzSAXq8Z9ji7G1-b97gVmS-OTjlUS44SmiqlvU1HiFKvc3lbw&amp;s
Leisure/Recreation,Informal Outdoor Facility (Park/Garden/Reserve),Richmond Football Club,"-37.8216740022008, 144.988156318781",,https://encrypted-tbn0.gstatic.com/images?q=tbn:ANd9GcSJw9V-7Gk9Ye7Wwe1ryFTxFWt69z0nXGreJ2Frcvd0SdyPf1_VrDsbg39KOA&amp;s
Leisure/Recreation,"Outdoor Recreation Facility (Zoo, Golf Course)",Melbourne Zoo,"-37.7844449253712, 144.951371205938",,https://encrypted-tbn0.gstatic.com/images?q=tbn:ANd9GcQ8Ukt0vkj6LTp__ju5THRtXvLhA2HPK1htsbmiEm8Z1xgcadtb6gbRoQ8rBw&amp;s
Office,Office,Australian Broadcasting Corporation (ABC),"-37.823813323734, 144.966551401578",,https://encrypted-tbn0.gstatic.com/images?q=tbn:ANd9GcRrmMAQnt7kX_EqrmUA3R9mVSLYi6ya3BDzZHmGipWvka9m5jmzOY9yGvAmhQ&amp;s
Place Of Assembly,Function/Conference/Exhibition Centre,Melbourne Convention Centre,"-37.8249040484653, 144.952288281644",,https://encrypted-tbn0.gstatic.com/images?q=tbn:ANd9GcQMirIVvoc5XExuedOC6D5POIgNbrdJ3y7TxJKRSjn1HBS7aPExRdV0UbX3Ag&amp;s
Leisure/Recreation,Private Sports Club/Facility,Melbourne International Shooting Club,"-37.8292844929826, 144.913415802464",,https://encrypted-tbn0.gstatic.com/images?q=tbn:ANd9GcQvai9JpjJAZyj5R4XLbzx0WINMbmkp4Hp6Im9ja1cQX6a-Wyz7KtVeCazIbw&amp;s
Place Of Assembly,Theatre Live,Malthouse Theatre,"-37.8271768001126, 144.966936821789",,https://encrypted-tbn0.gstatic.com/images?q=tbn:ANd9GcSVO0xArNs9UgRfu_1sti2g5kHL9wGRZXIyS5u6zK9EFVNM6xnKblMo_U8lw4s&amp;s
Purpose Built,Casino,Crown Entertainment Complex,"-37.8235761092516, 144.957312880653",,https://encrypted-tbn0.gstatic.com/images?q=tbn:ANd9GcRzGhz95mBnEhok2rOmDs-i7rBqnGRZn_3BdryRKUkfoPPNNOdAe_M5dPcDbOc&amp;s
Place Of Assembly,Art Gallery/Museum,Thoroughbred Racing Gallery,"-37.8188662730911, 144.9839700954",,https://encrypted-tbn0.gstatic.com/images?q=tbn:ANd9GcTQs8G1aD-C8r0sLLt64cyXLtEFxs5Yjb4GgvmU0oj6Yu06ULg5H7LqF1p3p_U&amp;s
Leisure/Recreation,Informal Outdoor Facility (Park/Garden/Reserve),Docklands Park,"-37.8209956785618, 144.946781702342",,https://encrypted-tbn0.gstatic.com/images?q=tbn:ANd9GcQrHEa9wx5V3ASlZs-d_BCIfArbPJNTVCI1PZ3W2KVUvkcLqY6F1IultXr_GA&amp;s
Mixed Use,Retail/Office,Waterfront City,"-37.815056661803, 144.939136876334",,https://encrypted-tbn0.gstatic.com/images?q=tbn:ANd9GcSHOqTpQu5TbzRv067NotElAKG2l_e3CeTOWMhTvVqumhVidYoSALZhj2QNf0I&amp;s
Leisure/Recreation,Informal Outdoor Facility (Park/Garden/Reserve),Point Park,"-37.8233522700646, 144.942102276731",,https://encrypted-tbn0.gstatic.com/images?q=tbn:ANd9GcTnSObolj4cxodN_6ZGbHHblKM3kru0_5ZwG7qWshbZZILYNs45lRfpAmEuApM&amp;s
Education Centre,Primary Schools,Kensington Primary School,"-37.7925235045455, 144.927108735461",,https://encrypted-tbn0.gstatic.com/images?q=tbn:ANd9GcQect8G3_yNwmL898nyclk3myaG2q-3Ict0lWEA1c66T_3bzt585zzJILNH9Q&amp;s
Place Of Assembly,Art Gallery/Museum,Fox Classic Car Collection,"-37.8213744301481, 144.948496661709",,https://encrypted-tbn0.gstatic.com/images?q=tbn:ANd9GcStFGi1w2Sh_UKWaGCm9smZb2ZasyANqOcGM7U5z3k1ODpUIidcLFdUmQJVFYQ&amp;s
Vacant Land,Current Construction Site - Commercial,Railway Good Shed No 2,"-37.8211371302179, 144.951378883631",,https://encrypted-tbn0.gstatic.com/images?q=tbn:ANd9GcRULJQ0EkKOizxm3mwhVvQ1HLZ-8guiBskUYBQGr3Fy0nR1LGxaUUjFF2mCE8Y&amp;s
Place Of Assembly,Cinema,IMAX Melbourne,"-37.8034315561903, 144.970639929886",,https://encrypted-tbn0.gstatic.com/images?q=tbn:ANd9GcSxi7r4tj8TWz5_li_T6u8VIGMLmLt07NdAj46NCQIQ7r6hVID7auvo2s1v3g&amp;s
Community Use,Public Buildings,Melbourne Theatre Company,"-37.823930384816, 144.968297429894",,https://encrypted-tbn0.gstatic.com/images?q=tbn:ANd9GcS1iO4b7BM2bt9_xONfZ5ZctCOnlo08qEufWlOYuOR-Hl6wYaoDsafpJHqxzQ&amp;s
Leisure/Recreation,Informal Outdoor Facility (Park/Garden/Reserve),Alexandra Gardens,"-37.8206051404251, 144.971796067365",,https://encrypted-tbn0.gstatic.com/images?q=tbn:ANd9GcRkQ4QN61lMwXTjtTu3HYEtbnvaq3X3yL3odw_kOXFmcrlhHhKEYrb7qZIx5w&amp;s
Transport,Railway Station,Parliament Railway Station,"-37.8116061787171, 144.973017263156",,https://encrypted-tbn0.gstatic.com/images?q=tbn:ANd9GcSXe9jy75jgdGMYG9vclc9GC3IgJ1uZMhA0rXcgCDSQCcnvuARqhKlhbub9h2I&amp;s
Transport,Railway Station,Richmond Railway Station (Richmond) - Train stop,"-37.8238992659834, 144.989400751664",,https://encrypted-tbn0.gstatic.com/images?q=tbn:ANd9GcS9gE73ytSvUK1h3OHeWoQT4-TWXV0ndyHL7L0L1oJI52c5dGoOpi1Vzpx-sEo&amp;s
Transport,Railway Station,Jolimont-MCG Railway Station (East Melbourne) - Train stop,"-37.8165651811668, 144.983641003377",,https://encrypted-tbn0.gstatic.com/images?q=tbn:ANd9GcRj2fd_UrO8Iwv9FebyajgDJmCywDajt2VjfwFwkZwsrMl7Ts2V79U95WYv5w&amp;s
Leisure/Recreation,Informal Outdoor Facility (Park/Garden/Reserve),North Melbourne Recreation Reserve,"-37.7988345257153, 144.941452061463",,https://encrypted-tbn0.gstatic.com/images?q=tbn:ANd9GcQ4W5urMuvylZTbsz92gD-HFIBgTFigGBtJcZjXGUtRfG6TqdAf3KqkbA_aOA&amp;s
Leisure/Recreation,Informal Outdoor Facility (Park/Garden/Reserve),Princes Park,"-37.7870161727156, 144.961115214367",,https://encrypted-tbn0.gstatic.com/images?q=tbn:ANd9GcQyk48gkhD9_ZKDusWUCsund8ejghu58pXG33UB8YrhjLZ-N6tkw7_Hb26NNw&amp;s
Community Use,Public Buildings,Shrine of Remembrance,"-37.8302080020387, 144.973441913623",,https://encrypted-tbn0.gstatic.com/images?q=tbn:ANd9GcSYVUqcQhEyer0eJHTXFu4joPFuVH2hQkDhspCyL6AOIaAJIhNvVvRq6CA-4w&amp;s
Office,Office,Victorian Insitute of Forensic Medicine,"-37.8246924089335, 144.964979061564",,https://encrypted-tbn0.gstatic.com/images?q=tbn:ANd9GcTk9XqSgJIo9fGpVRKsGPaUxBCASnl_LOBUmH8xN5lcOS5etQK_fYNYsD3dNcM&amp;s
Office,Office,Donor Tissue Bank of Victoria,"-37.8248231859563, 144.965169035668",,https://encrypted-tbn0.gstatic.com/images?q=tbn:ANd9GcSZHJwsrVinOuhybYA6FK9b3-b-gsTnMRk73I16E0OY9dqUONUCtRitwcdK66A&amp;s
Transport,Railway Station,Parliament Railway Station,"-37.8121572789173, 144.973742010011",,https://encrypted-tbn0.gstatic.com/images?q=tbn:ANd9GcSXe9jy75jgdGMYG9vclc9GC3IgJ1uZMhA0rXcgCDSQCcnvuARqhKlhbub9h2I&amp;s
Transport,Railway Station,Showgrounds Railway Station (Flemington),"-37.7834651216244, 144.914902626775",,https://encrypted-tbn0.gstatic.com/images?q=tbn:ANd9GcS-VDP5NDl4KStju5YyNkLHdCl1fwvo0oK9DQ586jFw3bRXxFtAkPQpgJ50H7g&amp;s
Transport,Railway Station,Newmarket Railway Station,"-37.7872726241965, 144.929059958114",,https://encrypted-tbn0.gstatic.com/images?q=tbn:ANd9GcQlWWOih820UVcOguGpLAwwP1UiVH2X6PLYwDxZzPJxMoMmFfw4bEQ2iUFWEg&amp;s
Health Services,Public Hospital,Alfred Hospital,"-37.8462631206461, 144.981786260765",,https://encrypted-tbn0.gstatic.com/images?q=tbn:ANd9GcSfigwfNQifGFKEIgYAbgqxYkgP2svNIpBX0JNBVQgamA60qRrZFzT4UHJgCA&amp;s
Place Of Assembly,Theatre Live,Carlton Courthouse Theatre,"-37.7976589943217, 144.968750113566",,https://encrypted-tbn0.gstatic.com/images?q=tbn:ANd9GcTyQW1dtjH2f1dfwd4DQlXH_4F1fiaX4tnhwdLbJLCnMkg-6ztx7iyRqUGzHg&amp;s
Leisure/Recreation,"Outdoor Recreation Facility (Zoo, Golf Course)",Melbourne Showgrounds,"-37.7823097850883, 144.910822117306",,https://encrypted-tbn0.gstatic.com/images?q=tbn:ANd9GcSPvoesJtIlvEXdxodvDYugYS5Www-OO_5SmJkKldPGcKkrfNHOvH7biyyFGf4&amp;s
Place Of Assembly,Theatre Live,Comedy Theatre,"-37.8102053945163, 144.97013311862",,https://encrypted-tbn0.gstatic.com/images?q=tbn:ANd9GcTqTaIKdUmQ24gPjSr4ZOVl8m6tZjs935yagWHQDs-xtKK8QoXH8lCEzcXXlQQ&amp;s
Place Of Assembly,Theatre Live,La Mama Theatre,"-37.7991304956733, 144.967669503083",,https://encrypted-tbn0.gstatic.com/images?q=tbn:ANd9GcTS8O0Bn5Lnm3Cz7JzK3K9O7Pe8soHCdS9bhbheeykTtR6Js-k0rRcHEWO3dQ&amp;s
Industrial,Industrial (Manufacturing),Kraft,"-37.8262313085528, 144.923475698195",,https://encrypted-tbn0.gstatic.com/images?q=tbn:ANd9GcQkdpYzBjJgt8PeVae_BT5G_ZZVj9yKQJ4_Nw-TYqLfeo_mq0qYzRwNope7c9I&amp;s
Place Of Assembly,Theatre Live,Forum Theatre,"-37.816485409696, 144.969386556998",,https://encrypted-tbn0.gstatic.com/images?q=tbn:ANd9GcSOP_-S_Kt1f0-7x8WzcTt6wlc5Gl21HglalGbqCV4Y25ZM8DKzCuUeglYSui0&amp;s
Mixed Use,Retail/Office/Carpark,"Melbourne Wholesale Fruit, Vegetable & Flower Market","-37.80687252157, 144.923287444259",,https://encrypted-tbn0.gstatic.com/images?q=tbn:ANd9GcQk4FWwy4gF2-Vs3BAi02eYEeSFfODLrJEhu8lPrdQwv8L2chuKsyVXKgA3dKM&amp;s
Mixed Use,Retail/Office/Carpark,Melbourne Central,"-37.8105371797142, 144.962749729496",,https://encrypted-tbn0.gstatic.com/images?q=tbn:ANd9GcTEEReestgpVVmTqIAZzOkUd2YoyO6Txh57ZFiF3t4w98OaGgw7-UYzLJIlpr0&amp;s
Transport,Railway Station,Melbourne Central Railway Station,"-37.8100167030855, 144.963789344893",,https://encrypted-tbn0.gstatic.com/images?q=tbn:ANd9GcTdXLiPkUvX07mu1sVAWSmUt87tCxbrzl4nJmCOG3UzEi2lg2EDVu5IlcbXNw&amp;s
Leisure/Recreation,Informal Outdoor Facility (Park/Garden/Reserve),Argyle Square,"-37.8031480577285, 144.965761295089",,https://encrypted-tbn0.gstatic.com/images?q=tbn:ANd9GcSZ6i4JD0s5CwBF_tr4AhgfWgf5F1dkm_Pj_UiZrNsTFr4PE-lbuPZrgHapkg&amp;s
Leisure/Recreation,Informal Outdoor Facility (Park/Garden/Reserve),Piazza Italia,"-37.8025164192523, 144.965863092947",,https://encrypted-tbn0.gstatic.com/images?q=tbn:ANd9GcQ8hExMAbuhiTotYWn2gKd2ncKruTBIyR7O3zEKeFoRswaHRmlzEkQvsSfR6k8&amp;s
Leisure/Recreation,Informal Outdoor Facility (Park/Garden/Reserve),Murchinson Square,"-37.8002735025371, 144.973059252203",,https://encrypted-tbn0.gstatic.com/images?q=tbn:ANd9GcS2nBXtll2ZHMqdM7BuW8V3VrAW7_oL8sKFbS7gHpLHwxMhILTY_CCL7nnRP4U&amp;s
Purpose Built,Aquarium,Melbourne Aquarium,"-37.8209627824685, 144.958425696055",,https://encrypted-tbn0.gstatic.com/images?q=tbn:ANd9GcRnynshyE76CIvyY8AS9CkQoQWT--xvJrKgjxProXnIkuvnLLxlY6U3ZVuKkE0&amp;s
Leisure/Recreation,Major Sports & Recreation Facility,Westpac Centre,"-37.8242456858593, 144.979720306309",,https://encrypted-tbn0.gstatic.com/images?q=tbn:ANd9GcRQYKTBlnXtPFJ2FXPeBXoHZ4FllEcnyvAEes4p3SBQSCyKZMGSXxJkqylcNQ&amp;s
Health Services,Public Hospital,Royal Dental Hospital,"-37.7995065904416, 144.964526842767",,https://encrypted-tbn0.gstatic.com/images?q=tbn:ANd9GcT19TFZXzoDOe4avI475Ijf5u7GoIAsGjOXbMLHtEoZgvlh8P-esRB43rLFknU&amp;s
Transport,Bridge,Webb Bridge,"-37.8232052384507, 144.947291011905",,https://encrypted-tbn0.gstatic.com/images?q=tbn:ANd9GcTzMB-9QPt58le_HcscVh_d6IA6AkxoDU1zDGgAmWnqoL08KZ7Vdwhwm0Bl9h0&amp;s
Education Centre,School - Primary and Secondary Education,Melbourne Girls Grammar School,"-37.8315364518803, 144.985089428348",,https://encrypted-tbn0.gstatic.com/images?q=tbn:ANd9GcRRRTpjTL8XHoi99R7rvIoyr6atI74WqaCQMrm_FWDFT9PyyrYQKWpHvHnkJNE&amp;s
Retail,Department Store,Myer,"-37.8135911985281, 144.963855087868",,https://encrypted-tbn0.gstatic.com/images?q=tbn:ANd9GcROtDyuVESgh6TPp0v9jebKcgYa4gj-OgZleFn_vB5PV1eZ6S5aGrTm0Bdq30s&amp;s
Retail,Department Store,David Jones,"-37.8133127260638, 144.964373486798",,https://encrypted-tbn0.gstatic.com/images?q=tbn:ANd9GcQkSPfJRUhAPX4qboU0kO4xTxjz9SuYXakbcWJXJN_82Rxkf_5CsBbyRJBOHpM&amp;s
Health Services,Medical Services,Mercy Private Hospital,"-37.811896809802, 144.984435746587",,https://encrypted-tbn0.gstatic.com/images?q=tbn:ANd9GcRsVuD9NEfknydNH6nwHp0zm_Ew1MqaOfwEOd7t_9eXJQhj4tFdrkSNJHXDRw&amp;s
Mixed Use,Retail/Office/Carpark,ANZ 'Gothic' Bank,"-37.8161580666029, 144.961673719242",,https://encrypted-tbn0.gstatic.com/images?q=tbn:ANd9GcSLXxTGRfeuqOwLxeD5Pcc_bVwTy4p9We1pf27_UPzF9f4wxz7wet-4Q8NbBkk&amp;s
